CustomerID;PersonID;StoreID;TerritoryID;AccountNumber;ModifiedDate
1;NULL;934;1;AW00000001;2014-09-12 11:15:07.263
2;NULL;1028;1;AW00000002;2014-09-12 11:15:07.263
3;NULL;642;4;AW00000003;2014-09-12 11:15:07.263
4;NULL;932;4;AW00000004;2014-09-12 11:15:07.263
5;NULL;1026;4;AW00000005;2014-09-12 11:15:07.263
6;NULL;644;4;AW00000006;2014-09-12 11:15:07.263
7;NULL;930;1;AW00000007;2014-09-12 11:15:07.263
8;NULL;1024;5;AW00000008;2014-09-12 11:15:07.263
9;NULL;620;5;AW00000009;2014-09-12 11:15:07.263
10;NULL;928;6;AW00000010;2014-09-12 11:15:07.263
11;NULL;1022;6;AW00000011;2014-09-12 11:15:07.263
12;NULL;622;6;AW00000012;2014-09-12 11:15:07.263
13;NULL;434;7;AW00000013;2014-09-12 11:15:07.263
14;NULL;1020;8;AW00000014;2014-09-12 11:15:07.263
15;NULL;624;9;AW00000015;2014-09-12 11:15:07.263
16;NULL;432;10;AW00000016;2014-09-12 11:15:07.263
17;NULL;1018;5;AW00000017;2014-09-12 11:15:07.263
18;NULL;1332;3;AW00000018;2014-09-12 11:15:07.263
19;NULL;430;1;AW00000019;2014-09-12 11:15:07.263
20;NULL;1016;1;AW00000020;2014-09-12 11:15:07.263
21;NULL;1334;4;AW00000021;2014-09-12 11:15:07.263
22;NULL;494;3;AW00000022;2014-09-12 11:15:07.263
23;NULL;1014;4;AW00000023;2014-09-12 11:15:07.263
24;NULL;1336;4;AW00000024;2014-09-12 11:15:07.263
25;NULL;492;4;AW00000025;2014-09-12 11:15:07.263
26;NULL;1012;5;AW00000026;2014-09-12 11:15:07.263
27;NULL;1338;5;AW00000027;2014-09-12 11:15:07.263
28;NULL;490;6;AW00000028;2014-09-12 11:15:07.263
29;NULL;1010;6;AW00000029;2014-09-12 11:15:07.263
30;NULL;1340;6;AW00000030;2014-09-12 11:15:07.263
31;NULL;942;7;AW00000031;2014-09-12 11:15:07.263
32;NULL;1008;8;AW00000032;2014-09-12 11:15:07.263
33;NULL;1342;9;AW00000033;2014-09-12 11:15:07.263
34;NULL;940;10;AW00000034;2014-09-12 11:15:07.263
35;NULL;1006;2;AW00000035;2014-09-12 11:15:07.263
36;NULL;1344;2;AW00000036;2014-09-12 11:15:07.263
37;NULL;938;1;AW00000037;2014-09-12 11:15:07.263
38;NULL;1004;1;AW00000038;2014-09-12 11:15:07.263
39;NULL;1346;3;AW00000039;2014-09-12 11:15:07.263
40;NULL;936;4;AW00000040;2014-09-12 11:15:07.263
41;NULL;1002;4;AW00000041;2014-09-12 11:15:07.263
42;NULL;1348;4;AW00000042;2014-09-12 11:15:07.263
43;NULL;1290;1;AW00000043;2014-09-12 11:15:07.263
44;NULL;1000;5;AW00000044;2014-09-12 11:15:07.263
45;NULL;1350;5;AW00000045;2014-09-12 11:15:07.263
46;NULL;1288;6;AW00000046;2014-09-12 11:15:07.263
47;NULL;998;6;AW00000047;2014-09-12 11:15:07.263
48;NULL;1352;6;AW00000048;2014-09-12 11:15:07.263
49;NULL;1286;7;AW00000049;2014-09-12 11:15:07.263
50;NULL;996;8;AW00000050;2014-09-12 11:15:07.263
51;NULL;1354;9;AW00000051;2014-09-12 11:15:07.263
52;NULL;1284;10;AW00000052;2014-09-12 11:15:07.263
53;NULL;994;2;AW00000053;2014-09-12 11:15:07.263
54;NULL;1356;2;AW00000054;2014-09-12 11:15:07.263
55;NULL;1282;1;AW00000055;2014-09-12 11:15:07.263
56;NULL;992;1;AW00000056;2014-09-12 11:15:07.263
57;NULL;1358;3;AW00000057;2014-09-12 11:15:07.263
58;NULL;1280;3;AW00000058;2014-09-12 11:15:07.263
59;NULL;990;4;AW00000059;2014-09-12 11:15:07.263
60;NULL;1360;4;AW00000060;2014-09-12 11:15:07.263
61;NULL;1278;4;AW00000061;2014-09-12 11:15:07.263
62;NULL;988;5;AW00000062;2014-09-12 11:15:07.263
63;NULL;1362;5;AW00000063;2014-09-12 11:15:07.263
64;NULL;1276;6;AW00000064;2014-09-12 11:15:07.263
65;NULL;986;6;AW00000065;2014-09-12 11:15:07.263
66;NULL;782;6;AW00000066;2014-09-12 11:15:07.263
67;NULL;1274;7;AW00000067;2014-09-12 11:15:07.263
68;NULL;532;8;AW00000068;2014-09-12 11:15:07.263
69;NULL;784;9;AW00000069;2014-09-12 11:15:07.263
70;NULL;1272;10;AW00000070;2014-09-12 11:15:07.263
71;NULL;530;2;AW00000071;2014-09-12 11:15:07.263
72;NULL;786;2;AW00000072;2014-09-12 11:15:07.263
73;NULL;1270;1;AW00000073;2014-09-12 11:15:07.263
74;NULL;528;1;AW00000074;2014-09-12 11:15:07.263
75;NULL;788;4;AW00000075;2014-09-12 11:15:07.263
76;NULL;1268;3;AW00000076;2014-09-12 11:15:07.263
77;NULL;556;4;AW00000077;2014-09-12 11:15:07.263
78;NULL;790;4;AW00000078;2014-09-12 11:15:07.263
79;NULL;1266;3;AW00000079;2014-09-12 11:15:07.263
80;NULL;554;5;AW00000080;2014-09-12 11:15:07.263
81;NULL;792;5;AW00000081;2014-09-12 11:15:07.263
82;NULL;1264;6;AW00000082;2014-09-12 11:15:07.263
83;NULL;552;6;AW00000083;2014-09-12 11:15:07.263
84;NULL;794;6;AW00000084;2014-09-12 11:15:07.263
85;NULL;1262;7;AW00000085;2014-09-12 11:15:07.263
86;NULL;636;8;AW00000086;2014-09-12 11:15:07.263
87;NULL;796;9;AW00000087;2014-09-12 11:15:07.263
88;NULL;1260;10;AW00000088;2014-09-12 11:15:07.263
89;NULL;634;2;AW00000089;2014-09-12 11:15:07.263
90;NULL;798;5;AW00000090;2014-09-12 11:15:07.263
91;NULL;1258;1;AW00000091;2014-09-12 11:15:07.263
92;NULL;632;1;AW00000092;2014-09-12 11:15:07.263
93;NULL;800;4;AW00000093;2014-09-12 11:15:07.263
94;NULL;1256;4;AW00000094;2014-09-12 11:15:07.263
95;NULL;630;4;AW00000095;2014-09-12 11:15:07.263
96;NULL;1308;4;AW00000096;2014-09-12 11:15:07.263
97;NULL;1254;4;AW00000097;2014-09-12 11:15:07.263
98;NULL;734;5;AW00000098;2014-09-12 11:15:07.263
99;NULL;1310;5;AW00000099;2014-09-12 11:15:07.263
100;NULL;1252;6;AW00000100;2014-09-12 11:15:07.263
101;NULL;732;6;AW00000101;2014-09-12 11:15:07.263
102;NULL;1312;6;AW00000102;2014-09-12 11:15:07.263
103;NULL;1894;7;AW00000103;2014-09-12 11:15:07.263
104;NULL;730;8;AW00000104;2014-09-12 11:15:07.263
105;NULL;1314;9;AW00000105;2014-09-12 11:15:07.263
106;NULL;1892;10;AW00000106;2014-09-12 11:15:07.263
107;NULL;728;2;AW00000107;2014-09-12 11:15:07.263
108;NULL;1316;2;AW00000108;2014-09-12 11:15:07.263
109;NULL;1890;1;AW00000109;2014-09-12 11:15:07.263
110;NULL;1888;1;AW00000110;2014-09-12 11:15:07.263
111;NULL;726;3;AW00000111;2014-09-12 11:15:07.263
112;NULL;1318;4;AW00000112;2014-09-12 11:15:07.263
113;NULL;1886;4;AW00000113;2014-09-12 11:15:07.263
114;NULL;724;4;AW00000114;2014-09-12 11:15:07.263
115;NULL;1320;1;AW00000115;2014-09-12 11:15:07.263
116;NULL;1884;5;AW00000116;2014-09-12 11:15:07.263
117;NULL;722;5;AW00000117;2014-09-12 11:15:07.263
118;NULL;1322;6;AW00000118;2014-09-12 11:15:07.263
119;NULL;1882;6;AW00000119;2014-09-12 11:15:07.263
120;NULL;720;6;AW00000120;2014-09-12 11:15:07.263
121;NULL;1324;7;AW00000121;2014-09-12 11:15:07.263
122;NULL;1880;8;AW00000122;2014-09-12 11:15:07.263
123;NULL;718;9;AW00000123;2014-09-12 11:15:07.263
124;NULL;1326;10;AW00000124;2014-09-12 11:15:07.263
125;NULL;1878;2;AW00000125;2014-09-12 11:15:07.263
126;NULL;716;2;AW00000126;2014-09-12 11:15:07.263
127;NULL;1328;1;AW00000127;2014-09-12 11:15:07.263
128;NULL;1876;1;AW00000128;2014-09-12 11:15:07.263
129;NULL;714;3;AW00000129;2014-09-12 11:15:07.263
130;NULL;1330;4;AW00000130;2014-09-12 11:15:07.263
131;NULL;1874;4;AW00000131;2014-09-12 11:15:07.263
132;NULL;712;3;AW00000132;2014-09-12 11:15:07.263
133;NULL;978;4;AW00000133;2014-09-12 11:15:07.263
134;NULL;1872;5;AW00000134;2014-09-12 11:15:07.263
135;NULL;710;5;AW00000135;2014-09-12 11:15:07.263
136;NULL;980;6;AW00000136;2014-09-12 11:15:07.263
137;NULL;418;6;AW00000137;2014-09-12 11:15:07.263
138;NULL;708;6;AW00000138;2014-09-12 11:15:07.263
139;NULL;982;7;AW00000139;2014-09-12 11:15:07.263
140;NULL;416;8;AW00000140;2014-09-12 11:15:07.263
141;NULL;706;9;AW00000141;2014-09-12 11:15:07.263
142;NULL;984;10;AW00000142;2014-09-12 11:15:07.263
143;NULL;520;2;AW00000143;2014-09-12 11:15:07.263
144;NULL;704;2;AW00000144;2014-09-12 11:15:07.263
145;NULL;522;1;AW00000145;2014-09-12 11:15:07.263
146;NULL;518;1;AW00000146;2014-09-12 11:15:07.263
147;NULL;702;3;AW00000147;2014-09-12 11:15:07.263
148;NULL;524;3;AW00000148;2014-09-12 11:15:07.263
149;NULL;516;3;AW00000149;2014-09-12 11:15:07.263
150;NULL;700;4;AW00000150;2014-09-12 11:15:07.263
151;NULL;526;4;AW00000151;2014-09-12 11:15:07.263
152;NULL;650;5;AW00000152;2014-09-12 11:15:07.263
153;NULL;514;5;AW00000153;2014-09-12 11:15:07.263
154;NULL;626;6;AW00000154;2014-09-12 11:15:07.263
155;NULL;648;6;AW00000155;2014-09-12 11:15:07.263
156;NULL;512;6;AW00000156;2014-09-12 11:15:07.263
157;NULL;628;7;AW00000157;2014-09-12 11:15:07.263
158;NULL;646;8;AW00000158;2014-09-12 11:15:07.263
159;NULL;456;9;AW00000159;2014-09-12 11:15:07.263
160;NULL;658;10;AW00000160;2014-09-12 11:15:07.263
161;NULL;820;2;AW00000161;2014-09-12 11:15:07.263
162;NULL;454;2;AW00000162;2014-09-12 11:15:07.263
163;NULL;660;1;AW00000163;2014-09-12 11:15:07.263
164;NULL;818;1;AW00000164;2014-09-12 11:15:07.263
165;NULL;506;4;AW00000165;2014-09-12 11:15:07.263
166;NULL;662;4;AW00000166;2014-09-12 11:15:07.263
167;NULL;816;4;AW00000167;2014-09-12 11:15:07.263
168;NULL;504;4;AW00000168;2014-09-12 11:15:07.263
169;NULL;804;1;AW00000169;2014-09-12 11:15:07.263
170;NULL;814;5;AW00000170;2014-09-12 11:15:07.263
171;NULL;502;5;AW00000171;2014-09-12 11:15:07.263
172;NULL;806;6;AW00000172;2014-09-12 11:15:07.263
173;NULL;812;6;AW00000173;2014-09-12 11:15:07.263
174;NULL;500;6;AW00000174;2014-09-12 11:15:07.263
175;NULL;808;7;AW00000175;2014-09-12 11:15:07.263
176;NULL;446;8;AW00000176;2014-09-12 11:15:07.263
177;NULL;688;9;AW00000177;2014-09-12 11:15:07.263
178;NULL;810;10;AW00000178;2014-09-12 11:15:07.263
179;NULL;444;2;AW00000179;2014-09-12 11:15:07.263
180;NULL;686;3;AW00000180;2014-09-12 11:15:07.263
181;NULL;1292;1;AW00000181;2014-09-12 11:15:07.263
182;NULL;442;1;AW00000182;2014-09-12 11:15:07.263
183;NULL;684;3;AW00000183;2014-09-12 11:15:07.263
184;NULL;1294;4;AW00000184;2014-09-12 11:15:07.263
185;NULL;1196;4;AW00000185;2014-09-12 11:15:07.263
186;NULL;682;4;AW00000186;2014-09-12 11:15:07.263
187;NULL;1296;4;AW00000187;2014-09-12 11:15:07.263
188;NULL;1194;5;AW00000188;2014-09-12 11:15:07.263
189;NULL;680;5;AW00000189;2014-09-12 11:15:07.263
190;NULL;1298;6;AW00000190;2014-09-12 11:15:07.263
191;NULL;1192;6;AW00000191;2014-09-12 11:15:07.263
192;NULL;678;6;AW00000192;2014-09-12 11:15:07.263
193;NULL;1300;7;AW00000193;2014-09-12 11:15:07.263
194;NULL;1190;8;AW00000194;2014-09-12 11:15:07.263
195;NULL;676;9;AW00000195;2014-09-12 11:15:07.263
196;NULL;1302;10;AW00000196;2014-09-12 11:15:07.263
197;NULL;1188;3;AW00000197;2014-09-12 11:15:07.263
198;NULL;452;3;AW00000198;2014-09-12 11:15:07.263
199;NULL;1304;1;AW00000199;2014-09-12 11:15:07.263
200;NULL;1186;1;AW00000200;2014-09-12 11:15:07.263
201;NULL;450;4;AW00000201;2014-09-12 11:15:07.263
202;NULL;1306;4;AW00000202;2014-09-12 11:15:07.263
203;NULL;1184;4;AW00000203;2014-09-12 11:15:07.263
204;NULL;448;4;AW00000204;2014-09-12 11:15:07.263
205;NULL;1404;4;AW00000205;2014-09-12 11:15:07.263
206;NULL;1182;5;AW00000206;2014-09-12 11:15:07.263
207;NULL;414;5;AW00000207;2014-09-12 11:15:07.263
208;NULL;1406;6;AW00000208;2014-09-12 11:15:07.263
209;NULL;1180;6;AW00000209;2014-09-12 11:15:07.263
210;NULL;412;6;AW00000210;2014-09-12 11:15:07.263
211;NULL;1408;7;AW00000211;2014-09-12 11:15:07.263
212;NULL;1178;8;AW00000212;2014-09-12 11:15:07.263
213;NULL;410;9;AW00000213;2014-09-12 11:15:07.263
214;NULL;1410;10;AW00000214;2014-09-12 11:15:07.263
215;NULL;1176;2;AW00000215;2014-09-12 11:15:07.263
216;NULL;544;2;AW00000216;2014-09-12 11:15:07.263
217;NULL;1412;1;AW00000217;2014-09-12 11:15:07.263
218;NULL;1174;1;AW00000218;2014-09-12 11:15:07.263
219;NULL;1172;3;AW00000219;2014-09-12 11:15:07.263
220;NULL;542;3;AW00000220;2014-09-12 11:15:07.263
221;NULL;1414;4;AW00000221;2014-09-12 11:15:07.263
222;NULL;1170;3;AW00000222;2014-09-12 11:15:07.263
223;NULL;1158;3;AW00000223;2014-09-12 11:15:07.263
224;NULL;1416;5;AW00000224;2014-09-12 11:15:07.263
225;NULL;1168;5;AW00000225;2014-09-12 11:15:07.263
226;NULL;1156;6;AW00000226;2014-09-12 11:15:07.263
227;NULL;1418;6;AW00000227;2014-09-12 11:15:07.263
228;NULL;1166;6;AW00000228;2014-09-12 11:15:07.263
229;NULL;1154;7;AW00000229;2014-09-12 11:15:07.263
230;NULL;1420;8;AW00000230;2014-09-12 11:15:07.263
231;NULL;550;9;AW00000231;2014-09-12 11:15:07.263
232;NULL;1152;10;AW00000232;2014-09-12 11:15:07.263
233;NULL;1422;2;AW00000233;2014-09-12 11:15:07.263
234;NULL;548;2;AW00000234;2014-09-12 11:15:07.263
235;NULL;1150;1;AW00000235;2014-09-12 11:15:07.263
236;NULL;1424;1;AW00000236;2014-09-12 11:15:07.263
237;NULL;546;3;AW00000237;2014-09-12 11:15:07.263
238;NULL;1148;3;AW00000238;2014-09-12 11:15:07.263
239;NULL;1426;4;AW00000239;2014-09-12 11:15:07.263
240;NULL;1956;4;AW00000240;2014-09-12 11:15:07.263
241;NULL;1146;4;AW00000241;2014-09-12 11:15:07.263
242;NULL;1428;5;AW00000242;2014-09-12 11:15:07.263
243;NULL;1954;5;AW00000243;2014-09-12 11:15:07.263
244;NULL;1144;6;AW00000244;2014-09-12 11:15:07.263
245;NULL;1430;6;AW00000245;2014-09-12 11:15:07.263
246;NULL;1952;6;AW00000246;2014-09-12 11:15:07.263
247;NULL;1142;7;AW00000247;2014-09-12 11:15:07.263
248;NULL;1432;8;AW00000248;2014-09-12 11:15:07.263
249;NULL;1950;9;AW00000249;2014-09-12 11:15:07.263
250;NULL;1140;10;AW00000250;2014-09-12 11:15:07.263
251;NULL;1434;2;AW00000251;2014-09-12 11:15:07.263
252;NULL;1948;2;AW00000252;2014-09-12 11:15:07.263
253;NULL;1138;1;AW00000253;2014-09-12 11:15:07.263
254;NULL;472;1;AW00000254;2014-09-12 11:15:07.263
255;NULL;1946;4;AW00000255;2014-09-12 11:15:07.263
256;NULL;1136;4;AW00000256;2014-09-12 11:15:07.263
257;NULL;474;4;AW00000257;2014-09-12 11:15:07.263
258;NULL;1944;4;AW00000258;2014-09-12 11:15:07.263
259;NULL;1134;4;AW00000259;2014-09-12 11:15:07.263
260;NULL;476;5;AW00000260;2014-09-12 11:15:07.263
261;NULL;1942;5;AW00000261;2014-09-12 11:15:07.263
262;NULL;1132;6;AW00000262;2014-09-12 11:15:07.263
263;NULL;580;6;AW00000263;2014-09-12 11:15:07.263
264;NULL;1940;6;AW00000264;2014-09-12 11:15:07.263
265;NULL;590;7;AW00000265;2014-09-12 11:15:07.263
266;NULL;582;8;AW00000266;2014-09-12 11:15:07.263
267;NULL;1938;9;AW00000267;2014-09-12 11:15:07.263
268;NULL;588;10;AW00000268;2014-09-12 11:15:07.263
269;NULL;584;2;AW00000269;2014-09-12 11:15:07.263
270;NULL;1936;2;AW00000270;2014-09-12 11:15:07.263
271;NULL;586;1;AW00000271;2014-09-12 11:15:07.263
272;NULL;612;1;AW00000272;2014-09-12 11:15:07.263
273;NULL;1934;4;AW00000273;2014-09-12 11:15:07.263
274;NULL;952;3;AW00000274;2014-09-12 11:15:07.263
275;NULL;614;4;AW00000275;2014-09-12 11:15:07.263
276;NULL;1932;4;AW00000276;2014-09-12 11:15:07.263
277;NULL;950;4;AW00000277;2014-09-12 11:15:07.263
278;NULL;616;5;AW00000278;2014-09-12 11:15:07.263
279;NULL;1930;5;AW00000279;2014-09-12 11:15:07.263
280;NULL;948;6;AW00000280;2014-09-12 11:15:07.263
281;NULL;618;6;AW00000281;2014-09-12 11:15:07.263
282;NULL;1928;6;AW00000282;2014-09-12 11:15:07.263
283;NULL;946;7;AW00000283;2014-09-12 11:15:07.263
284;NULL;758;8;AW00000284;2014-09-12 11:15:07.263
285;NULL;408;9;AW00000285;2014-09-12 11:15:07.263
286;NULL;944;10;AW00000286;2014-09-12 11:15:07.263
287;NULL;760;3;AW00000287;2014-09-12 11:15:07.263
288;NULL;406;3;AW00000288;2014-09-12 11:15:07.263
289;NULL;498;1;AW00000289;2014-09-12 11:15:07.263
290;NULL;762;1;AW00000290;2014-09-12 11:15:07.263
291;NULL;398;4;AW00000291;2014-09-12 11:15:07.263
292;NULL;496;4;AW00000292;2014-09-12 11:15:07.263
293;NULL;764;1;AW00000293;2014-09-12 11:15:07.263
294;NULL;396;4;AW00000294;2014-09-12 11:15:07.263
295;NULL;1490;4;AW00000295;2014-09-12 11:15:07.263
296;NULL;766;5;AW00000296;2014-09-12 11:15:07.263
297;NULL;394;5;AW00000297;2014-09-12 11:15:07.263
298;NULL;1488;6;AW00000298;2014-09-12 11:15:07.263
299;NULL;768;6;AW00000299;2014-09-12 11:15:07.263
300;NULL;386;6;AW00000300;2014-09-12 11:15:07.263
301;NULL;1486;7;AW00000301;2014-09-12 11:15:07.263
302;NULL;770;8;AW00000302;2014-09-12 11:15:07.263
303;NULL;384;9;AW00000303;2014-09-12 11:15:07.263
304;NULL;1484;10;AW00000304;2014-09-12 11:15:07.263
305;NULL;772;2;AW00000305;2014-09-12 11:15:07.263
306;NULL;382;3;AW00000306;2014-09-12 11:15:07.263
307;NULL;1482;1;AW00000307;2014-09-12 11:15:07.263
308;NULL;774;1;AW00000308;2014-09-12 11:15:07.263
309;NULL;372;4;AW00000309;2014-09-12 11:15:07.263
310;NULL;1480;3;AW00000310;2014-09-12 11:15:07.263
311;NULL;776;4;AW00000311;2014-09-12 11:15:07.263
312;NULL;370;4;AW00000312;2014-09-12 11:15:07.263
313;NULL;1478;4;AW00000313;2014-09-12 11:15:07.263
314;NULL;778;5;AW00000314;2014-09-12 11:15:07.263
315;NULL;440;5;AW00000315;2014-09-12 11:15:07.263
316;NULL;1476;6;AW00000316;2014-09-12 11:15:07.263
317;NULL;780;6;AW00000317;2014-09-12 11:15:07.263
318;NULL;438;6;AW00000318;2014-09-12 11:15:07.263
319;NULL;1474;7;AW00000319;2014-09-12 11:15:07.263
320;NULL;538;8;AW00000320;2014-09-12 11:15:07.263
321;NULL;436;9;AW00000321;2014-09-12 11:15:07.263
322;NULL;1472;10;AW00000322;2014-09-12 11:15:07.263
323;NULL;540;3;AW00000323;2014-09-12 11:15:07.263
324;NULL;2051;2;AW00000324;2014-09-12 11:15:07.263
325;NULL;1470;1;AW00000325;2014-09-12 11:15:07.263
326;NULL;964;1;AW00000326;2014-09-12 11:15:07.263
327;NULL;1994;3;AW00000327;2014-09-12 11:15:07.263
328;NULL;1992;4;AW00000328;2014-09-12 11:15:07.263
329;NULL;470;4;AW00000329;2014-09-12 11:15:07.263
330;NULL;966;4;AW00000330;2014-09-12 11:15:07.263
331;NULL;1990;4;AW00000331;2014-09-12 11:15:07.263
332;NULL;468;5;AW00000332;2014-09-12 11:15:07.263
333;NULL;968;5;AW00000333;2014-09-12 11:15:07.263
334;NULL;1988;6;AW00000334;2014-09-12 11:15:07.263
335;NULL;466;6;AW00000335;2014-09-12 11:15:07.263
336;NULL;970;6;AW00000336;2014-09-12 11:15:07.263
337;NULL;1986;7;AW00000337;2014-09-12 11:15:07.263
338;NULL;578;8;AW00000338;2014-09-12 11:15:07.263
339;NULL;972;9;AW00000339;2014-09-12 11:15:07.263
340;NULL;1984;10;AW00000340;2014-09-12 11:15:07.263
341;NULL;576;2;AW00000341;2014-09-12 11:15:07.263
342;NULL;974;2;AW00000342;2014-09-12 11:15:07.263
343;NULL;1982;1;AW00000343;2014-09-12 11:15:07.263
344;NULL;574;1;AW00000344;2014-09-12 11:15:07.263
345;NULL;976;4;AW00000345;2014-09-12 11:15:07.263
346;NULL;1980;3;AW00000346;2014-09-12 11:15:07.263
347;NULL;572;4;AW00000347;2014-09-12 11:15:07.263
348;NULL;348;3;AW00000348;2014-09-12 11:15:07.263
349;NULL;1978;4;AW00000349;2014-09-12 11:15:07.263
350;NULL;610;5;AW00000350;2014-09-12 11:15:07.263
351;NULL;354;5;AW00000351;2014-09-12 11:15:07.263
352;NULL;1236;6;AW00000352;2014-09-12 11:15:07.263
353;NULL;608;6;AW00000353;2014-09-12 11:15:07.263
354;NULL;356;6;AW00000354;2014-09-12 11:15:07.263
355;NULL;1234;7;AW00000355;2014-09-12 11:15:07.263
356;NULL;606;8;AW00000356;2014-09-12 11:15:07.263
357;NULL;358;9;AW00000357;2014-09-12 11:15:07.263
358;NULL;1232;10;AW00000358;2014-09-12 11:15:07.263
359;NULL;604;2;AW00000359;2014-09-12 11:15:07.263
360;NULL;360;3;AW00000360;2014-09-12 11:15:07.263
361;NULL;1230;1;AW00000361;2014-09-12 11:15:07.263
362;NULL;756;1;AW00000362;2014-09-12 11:15:07.263
363;NULL;374;3;AW00000363;2014-09-12 11:15:07.263
364;NULL;1228;3;AW00000364;2014-09-12 11:15:07.263
365;NULL;754;4;AW00000365;2014-09-12 11:15:07.263
366;NULL;376;4;AW00000366;2014-09-12 11:15:07.263
367;NULL;1226;4;AW00000367;2014-09-12 11:15:07.263
368;NULL;752;5;AW00000368;2014-09-12 11:15:07.263
369;NULL;362;5;AW00000369;2014-09-12 11:15:07.263
370;NULL;1224;6;AW00000370;2014-09-12 11:15:07.263
371;NULL;750;6;AW00000371;2014-09-12 11:15:07.263
372;NULL;1852;6;AW00000372;2014-09-12 11:15:07.263
373;NULL;1222;7;AW00000373;2014-09-12 11:15:07.263
374;NULL;748;8;AW00000374;2014-09-12 11:15:07.263
375;NULL;1854;9;AW00000375;2014-09-12 11:15:07.263
376;NULL;1220;10;AW00000376;2014-09-12 11:15:07.263
377;NULL;746;3;AW00000377;2014-09-12 11:15:07.263
378;NULL;1856;2;AW00000378;2014-09-12 11:15:07.263
379;NULL;1218;1;AW00000379;2014-09-12 11:15:07.263
380;NULL;744;1;AW00000380;2014-09-12 11:15:07.263
381;NULL;1858;3;AW00000381;2014-09-12 11:15:07.263
382;NULL;1216;4;AW00000382;2014-09-12 11:15:07.263
383;NULL;742;4;AW00000383;2014-09-12 11:15:07.263
384;NULL;1860;4;AW00000384;2014-09-12 11:15:07.263
385;NULL;1214;4;AW00000385;2014-09-12 11:15:07.263
386;NULL;740;5;AW00000386;2014-09-12 11:15:07.263
387;NULL;1862;5;AW00000387;2014-09-12 11:15:07.263
388;NULL;1212;6;AW00000388;2014-09-12 11:15:07.263
389;NULL;738;6;AW00000389;2014-09-12 11:15:07.263
390;NULL;1864;6;AW00000390;2014-09-12 11:15:07.263
391;NULL;1210;7;AW00000391;2014-09-12 11:15:07.263
392;NULL;736;8;AW00000392;2014-09-12 11:15:07.263
393;NULL;1866;9;AW00000393;2014-09-12 11:15:07.263
394;NULL;1208;10;AW00000394;2014-09-12 11:15:07.263
395;NULL;560;3;AW00000395;2014-09-12 11:15:07.263
396;NULL;1868;2;AW00000396;2014-09-12 11:15:07.263
397;NULL;1206;1;AW00000397;2014-09-12 11:15:07.263
398;NULL;558;1;AW00000398;2014-09-12 11:15:07.263
399;NULL;1870;4;AW00000399;2014-09-12 11:15:07.263
400;NULL;1110;3;AW00000400;2014-09-12 11:15:07.263
401;NULL;368;1;AW00000401;2014-09-12 11:15:07.263
402;NULL;460;4;AW00000402;2014-09-12 11:15:07.263
403;NULL;1108;4;AW00000403;2014-09-12 11:15:07.263
404;NULL;366;5;AW00000404;2014-09-12 11:15:07.263
405;NULL;462;5;AW00000405;2014-09-12 11:15:07.263
406;NULL;1106;6;AW00000406;2014-09-12 11:15:07.263
407;NULL;380;6;AW00000407;2014-09-12 11:15:07.263
408;NULL;464;6;AW00000408;2014-09-12 11:15:07.263
409;NULL;1104;7;AW00000409;2014-09-12 11:15:07.263
410;NULL;378;8;AW00000410;2014-09-12 11:15:07.263
411;NULL;690;9;AW00000411;2014-09-12 11:15:07.263
412;NULL;1102;10;AW00000412;2014-09-12 11:15:07.263
413;NULL;404;2;AW00000413;2014-09-12 11:15:07.263
414;NULL;692;2;AW00000414;2014-09-12 11:15:07.263
415;NULL;674;1;AW00000415;2014-09-12 11:15:07.263
416;NULL;402;1;AW00000416;2014-09-12 11:15:07.263
417;NULL;694;4;AW00000417;2014-09-12 11:15:07.263
418;NULL;672;3;AW00000418;2014-09-12 11:15:07.263
419;NULL;400;4;AW00000419;2014-09-12 11:15:07.263
420;NULL;696;4;AW00000420;2014-09-12 11:15:07.263
421;NULL;670;4;AW00000421;2014-09-12 11:15:07.263
422;NULL;1164;5;AW00000422;2014-09-12 11:15:07.263
423;NULL;698;5;AW00000423;2014-09-12 11:15:07.263
424;NULL;510;6;AW00000424;2014-09-12 11:15:07.263
425;NULL;1162;6;AW00000425;2014-09-12 11:15:07.263
426;NULL;562;6;AW00000426;2014-09-12 11:15:07.263
427;NULL;508;7;AW00000427;2014-09-12 11:15:07.263
428;NULL;1160;8;AW00000428;2014-09-12 11:15:07.263
429;NULL;564;9;AW00000429;2014-09-12 11:15:07.263
430;NULL;602;10;AW00000430;2014-09-12 11:15:07.263
431;NULL;392;3;AW00000431;2014-09-12 11:15:07.263
432;NULL;846;2;AW00000432;2014-09-12 11:15:07.263
433;NULL;600;1;AW00000433;2014-09-12 11:15:07.263
434;NULL;390;1;AW00000434;2014-09-12 11:15:07.263
435;NULL;848;4;AW00000435;2014-09-12 11:15:07.263
436;NULL;598;4;AW00000436;2014-09-12 11:15:07.263
437;NULL;570;4;AW00000437;2014-09-12 11:15:07.263
438;NULL;388;1;AW00000438;2014-09-12 11:15:07.263
439;NULL;850;4;AW00000439;2014-09-12 11:15:07.263
440;NULL;568;5;AW00000440;2014-09-12 11:15:07.263
441;NULL;364;5;AW00000441;2014-09-12 11:15:07.263
442;NULL;852;6;AW00000442;2014-09-12 11:15:07.263
443;NULL;566;6;AW00000443;2014-09-12 11:15:07.263
444;NULL;428;6;AW00000444;2014-09-12 11:15:07.263
445;NULL;854;7;AW00000445;2014-09-12 11:15:07.263
446;NULL;1926;8;AW00000446;2014-09-12 11:15:07.263
447;NULL;426;9;AW00000447;2014-09-12 11:15:07.263
448;NULL;856;10;AW00000448;2014-09-12 11:15:07.263
449;NULL;1924;5;AW00000449;2014-09-12 11:15:07.263
450;NULL;424;2;AW00000450;2014-09-12 11:15:07.263
451;NULL;858;1;AW00000451;2014-09-12 11:15:07.263
452;NULL;1922;1;AW00000452;2014-09-12 11:15:07.263
453;NULL;926;3;AW00000453;2014-09-12 11:15:07.263
454;NULL;860;3;AW00000454;2014-09-12 11:15:07.263
455;NULL;1920;4;AW00000455;2014-09-12 11:15:07.263
456;NULL;924;4;AW00000456;2014-09-12 11:15:07.263
457;NULL;862;4;AW00000457;2014-09-12 11:15:07.263
458;NULL;1918;5;AW00000458;2014-09-12 11:15:07.263
459;NULL;922;5;AW00000459;2014-09-12 11:15:07.263
460;NULL;864;6;AW00000460;2014-09-12 11:15:07.263
461;NULL;1916;6;AW00000461;2014-09-12 11:15:07.263
462;NULL;920;6;AW00000462;2014-09-12 11:15:07.263
463;NULL;866;7;AW00000463;2014-09-12 11:15:07.263
464;NULL;1914;8;AW00000464;2014-09-12 11:15:07.263
465;NULL;918;9;AW00000465;2014-09-12 11:15:07.263
466;NULL;868;10;AW00000466;2014-09-12 11:15:07.263
467;NULL;1912;5;AW00000467;2014-09-12 11:15:07.263
468;NULL;916;3;AW00000468;2014-09-12 11:15:07.263
469;NULL;870;1;AW00000469;2014-09-12 11:15:07.263
470;NULL;1910;1;AW00000470;2014-09-12 11:15:07.263
471;NULL;914;4;AW00000471;2014-09-12 11:15:07.263
472;NULL;872;3;AW00000472;2014-09-12 11:15:07.263
473;NULL;1204;4;AW00000473;2014-09-12 11:15:07.263
474;NULL;912;4;AW00000474;2014-09-12 11:15:07.263
475;NULL;874;4;AW00000475;2014-09-12 11:15:07.263
476;NULL;1202;5;AW00000476;2014-09-12 11:15:07.263
477;NULL;910;5;AW00000477;2014-09-12 11:15:07.263
478;NULL;1828;6;AW00000478;2014-09-12 11:15:07.263
479;NULL;1200;6;AW00000479;2014-09-12 11:15:07.263
480;NULL;908;6;AW00000480;2014-09-12 11:15:07.263
481;NULL;1830;7;AW00000481;2014-09-12 11:15:07.263
482;NULL;1198;8;AW00000482;2014-09-12 11:15:07.263
483;NULL;906;9;AW00000483;2014-09-12 11:15:07.263
484;NULL;1832;10;AW00000484;2014-09-12 11:15:07.263
485;NULL;306;5;AW00000485;2014-09-12 11:15:07.263
486;NULL;904;2;AW00000486;2014-09-12 11:15:07.263
487;NULL;1834;1;AW00000487;2014-09-12 11:15:07.263
488;NULL;304;1;AW00000488;2014-09-12 11:15:07.263
489;NULL;902;4;AW00000489;2014-09-12 11:15:07.263
490;NULL;1836;4;AW00000490;2014-09-12 11:15:07.263
491;NULL;302;4;AW00000491;2014-09-12 11:15:07.263
492;NULL;900;4;AW00000492;2014-09-12 11:15:07.263
493;NULL;1838;4;AW00000493;2014-09-12 11:15:07.263
494;NULL;326;5;AW00000494;2014-09-12 11:15:07.263
495;NULL;898;5;AW00000495;2014-09-12 11:15:07.263
496;NULL;1840;6;AW00000496;2014-09-12 11:15:07.263
497;NULL;324;6;AW00000497;2014-09-12 11:15:07.263
498;NULL;896;6;AW00000498;2014-09-12 11:15:07.263
499;NULL;1842;7;AW00000499;2014-09-12 11:15:07.263
500;NULL;322;8;AW00000500;2014-09-12 11:15:07.263
501;NULL;894;9;AW00000501;2014-09-12 11:15:07.263
502;NULL;1844;10;AW00000502;2014-09-12 11:15:07.263
503;NULL;320;2;AW00000503;2014-09-12 11:15:07.263
504;NULL;488;3;AW00000504;2014-09-12 11:15:07.263
505;NULL;1846;1;AW00000505;2014-09-12 11:15:07.263
506;NULL;318;1;AW00000506;2014-09-12 11:15:07.263
507;NULL;486;4;AW00000507;2014-09-12 11:15:07.263
508;NULL;1848;4;AW00000508;2014-09-12 11:15:07.263
509;NULL;316;4;AW00000509;2014-09-12 11:15:07.263
510;NULL;484;4;AW00000510;2014-09-12 11:15:07.263
511;NULL;1850;4;AW00000511;2014-09-12 11:15:07.263
512;NULL;352;5;AW00000512;2014-09-12 11:15:07.263
513;NULL;1468;5;AW00000513;2014-09-12 11:15:07.263
514;NULL;592;6;AW00000514;2014-09-12 11:15:07.263
515;NULL;1908;6;AW00000515;2014-09-12 11:15:07.263
516;NULL;1466;6;AW00000516;2014-09-12 11:15:07.263
517;NULL;594;7;AW00000517;2014-09-12 11:15:07.263
518;NULL;1906;8;AW00000518;2014-09-12 11:15:07.263
519;NULL;1464;9;AW00000519;2014-09-12 11:15:07.263
520;NULL;596;10;AW00000520;2014-09-12 11:15:07.263
521;NULL;1904;2;AW00000521;2014-09-12 11:15:07.263
522;NULL;1462;2;AW00000522;2014-09-12 11:15:07.263
523;NULL;954;3;AW00000523;2014-09-12 11:15:07.263
524;NULL;1902;5;AW00000524;2014-09-12 11:15:07.263
525;NULL;1460;5;AW00000525;2014-09-12 11:15:07.263
526;NULL;956;6;AW00000526;2014-09-12 11:15:07.263
527;NULL;1900;3;AW00000527;2014-09-12 11:15:07.263
528;NULL;1458;4;AW00000528;2014-09-12 11:15:07.263
529;NULL;958;4;AW00000529;2014-09-12 11:15:07.263
530;NULL;1898;5;AW00000530;2014-09-12 11:15:07.263
531;NULL;1456;5;AW00000531;2014-09-12 11:15:07.263
532;NULL;960;6;AW00000532;2014-09-12 11:15:07.263
533;NULL;1896;6;AW00000533;2014-09-12 11:15:07.263
534;NULL;1454;6;AW00000534;2014-09-12 11:15:07.263
535;NULL;962;7;AW00000535;2014-09-12 11:15:07.263
536;NULL;1250;8;AW00000536;2014-09-12 11:15:07.263
537;NULL;1452;9;AW00000537;2014-09-12 11:15:07.263
538;NULL;534;10;AW00000538;2014-09-12 11:15:07.263
539;NULL;1248;2;AW00000539;2014-09-12 11:15:07.263
540;NULL;1450;2;AW00000540;2014-09-12 11:15:07.263
541;NULL;536;1;AW00000541;2014-09-12 11:15:07.263
542;NULL;1246;1;AW00000542;2014-09-12 11:15:07.263
543;NULL;1448;3;AW00000543;2014-09-12 11:15:07.263
544;NULL;308;3;AW00000544;2014-09-12 11:15:07.263
545;NULL;1244;4;AW00000545;2014-09-12 11:15:07.263
546;NULL;1242;3;AW00000546;2014-09-12 11:15:07.263
547;NULL;1446;4;AW00000547;2014-09-12 11:15:07.263
548;NULL;310;5;AW00000548;2014-09-12 11:15:07.263
549;NULL;1240;5;AW00000549;2014-09-12 11:15:07.263
550;NULL;1444;6;AW00000550;2014-09-12 11:15:07.263
551;NULL;312;6;AW00000551;2014-09-12 11:15:07.263
552;NULL;1238;6;AW00000552;2014-09-12 11:15:07.263
553;NULL;1442;7;AW00000553;2014-09-12 11:15:07.263
554;NULL;314;8;AW00000554;2014-09-12 11:15:07.263
555;NULL;350;9;AW00000555;2014-09-12 11:15:07.263
556;NULL;1440;10;AW00000556;2014-09-12 11:15:07.263
557;NULL;328;2;AW00000557;2014-09-12 11:15:07.263
558;NULL;344;2;AW00000558;2014-09-12 11:15:07.263
559;NULL;1438;1;AW00000559;2014-09-12 11:15:07.263
560;NULL;330;1;AW00000560;2014-09-12 11:15:07.263
561;NULL;342;4;AW00000561;2014-09-12 11:15:07.263
562;NULL;1436;3;AW00000562;2014-09-12 11:15:07.263
563;NULL;338;4;AW00000563;2014-09-12 11:15:07.263
564;NULL;336;1;AW00000564;2014-09-12 11:15:07.263
565;NULL;458;4;AW00000565;2014-09-12 11:15:07.263
566;NULL;340;5;AW00000566;2014-09-12 11:15:07.263
567;NULL;334;5;AW00000567;2014-09-12 11:15:07.263
568;NULL;1112;6;AW00000568;2014-09-12 11:15:07.263
569;NULL;346;6;AW00000569;2014-09-12 11:15:07.263
570;NULL;332;6;AW00000570;2014-09-12 11:15:07.263
571;NULL;1114;7;AW00000571;2014-09-12 11:15:07.263
572;NULL;876;8;AW00000572;2014-09-12 11:15:07.263
573;NULL;300;9;AW00000573;2014-09-12 11:15:07.263
574;NULL;1116;10;AW00000574;2014-09-12 11:15:07.263
575;NULL;878;2;AW00000575;2014-09-12 11:15:07.263
576;NULL;298;2;AW00000576;2014-09-12 11:15:07.263
577;NULL;1118;1;AW00000577;2014-09-12 11:15:07.263
578;NULL;880;1;AW00000578;2014-09-12 11:15:07.263
579;NULL;296;3;AW00000579;2014-09-12 11:15:07.263
580;NULL;1120;4;AW00000580;2014-09-12 11:15:07.263
581;NULL;882;4;AW00000581;2014-09-12 11:15:07.263
582;NULL;294;4;AW00000582;2014-09-12 11:15:07.263
583;NULL;1796;4;AW00000583;2014-09-12 11:15:07.263
584;NULL;884;5;AW00000584;2014-09-12 11:15:07.263
585;NULL;292;5;AW00000585;2014-09-12 11:15:07.263
586;NULL;1798;6;AW00000586;2014-09-12 11:15:07.263
587;NULL;886;6;AW00000587;2014-09-12 11:15:07.263
588;NULL;668;6;AW00000588;2014-09-12 11:15:07.263
589;NULL;1800;7;AW00000589;2014-09-12 11:15:07.263
590;NULL;888;8;AW00000590;2014-09-12 11:15:07.263
591;NULL;666;9;AW00000591;2014-09-12 11:15:07.263
592;NULL;1802;10;AW00000592;2014-09-12 11:15:07.263
593;NULL;890;2;AW00000593;2014-09-12 11:15:07.263
594;NULL;664;2;AW00000594;2014-09-12 11:15:07.263
595;NULL;1804;1;AW00000595;2014-09-12 11:15:07.263
596;NULL;892;1;AW00000596;2014-09-12 11:15:07.263
597;NULL;1100;4;AW00000597;2014-09-12 11:15:07.263
598;NULL;1806;3;AW00000598;2014-09-12 11:15:07.263
599;NULL;652;4;AW00000599;2014-09-12 11:15:07.263
600;NULL;1098;4;AW00000600;2014-09-12 11:15:07.263
601;NULL;1808;1;AW00000601;2014-09-12 11:15:07.263
602;NULL;654;5;AW00000602;2014-09-12 11:15:07.263
603;NULL;1096;5;AW00000603;2014-09-12 11:15:07.263
604;NULL;1810;1;AW00000604;2014-09-12 11:15:07.263
605;NULL;656;1;AW00000605;2014-09-12 11:15:07.263
606;NULL;1094;3;AW00000606;2014-09-12 11:15:07.263
607;NULL;1812;4;AW00000607;2014-09-12 11:15:07.263
608;NULL;478;4;AW00000608;2014-09-12 11:15:07.263
609;NULL;1092;4;AW00000609;2014-09-12 11:15:07.263
610;NULL;1814;4;AW00000610;2014-09-12 11:15:07.263
611;NULL;480;5;AW00000611;2014-09-12 11:15:07.263
612;NULL;1090;5;AW00000612;2014-09-12 11:15:07.263
613;NULL;1816;6;AW00000613;2014-09-12 11:15:07.263
614;NULL;482;7;AW00000614;2014-09-12 11:15:07.263
615;NULL;1088;8;AW00000615;2014-09-12 11:15:07.263
616;NULL;1818;9;AW00000616;2014-09-12 11:15:07.263
617;NULL;1122;10;AW00000617;2014-09-12 11:15:07.263
618;NULL;1086;2;AW00000618;2014-09-12 11:15:07.263
619;NULL;1820;2;AW00000619;2014-09-12 11:15:07.263
620;NULL;1124;1;AW00000620;2014-09-12 11:15:07.263
621;NULL;1084;1;AW00000621;2014-09-12 11:15:07.263
622;NULL;1822;3;AW00000622;2014-09-12 11:15:07.263
623;NULL;1126;3;AW00000623;2014-09-12 11:15:07.263
624;NULL;1082;4;AW00000624;2014-09-12 11:15:07.263
625;NULL;1824;4;AW00000625;2014-09-12 11:15:07.263
626;NULL;1128;1;AW00000626;2014-09-12 11:15:07.263
627;NULL;1080;5;AW00000627;2014-09-12 11:15:07.263
628;NULL;1826;5;AW00000628;2014-09-12 11:15:07.263
629;NULL;1130;6;AW00000629;2014-09-12 11:15:07.263
630;NULL;1078;6;AW00000630;2014-09-12 11:15:07.263
631;NULL;1364;6;AW00000631;2014-09-12 11:15:07.263
632;NULL;1958;7;AW00000632;2014-09-12 11:15:07.263
633;NULL;1076;8;AW00000633;2014-09-12 11:15:07.263
634;NULL;1366;9;AW00000634;2014-09-12 11:15:07.263
635;NULL;1960;10;AW00000635;2014-09-12 11:15:07.263
636;NULL;1074;2;AW00000636;2014-09-12 11:15:07.263
637;NULL;1368;6;AW00000637;2014-09-12 11:15:07.263
638;NULL;1962;7;AW00000638;2014-09-12 11:15:07.263
639;NULL;1072;8;AW00000639;2014-09-12 11:15:07.263
640;NULL;1370;9;AW00000640;2014-09-12 11:15:07.263
641;NULL;1964;10;AW00000641;2014-09-12 11:15:07.263
642;NULL;1070;2;AW00000642;2014-09-12 11:15:07.263
643;NULL;1372;3;AW00000643;2014-09-12 11:15:07.263
644;NULL;1966;1;AW00000644;2014-09-12 11:15:07.263
645;NULL;1068;1;AW00000645;2014-09-12 11:15:07.263
646;NULL;1374;3;AW00000646;2014-09-12 11:15:07.263
647;NULL;1968;4;AW00000647;2014-09-12 11:15:07.263
648;NULL;1066;4;AW00000648;2014-09-12 11:15:07.263
649;NULL;1376;4;AW00000649;2014-09-12 11:15:07.263
650;NULL;1970;1;AW00000650;2014-09-12 11:15:07.263
651;NULL;1064;5;AW00000651;2014-09-12 11:15:07.263
652;NULL;1378;5;AW00000652;2014-09-12 11:15:07.263
653;NULL;1972;6;AW00000653;2014-09-12 11:15:07.263
654;NULL;1062;6;AW00000654;2014-09-12 11:15:07.263
655;NULL;1060;6;AW00000655;2014-09-12 11:15:07.263
656;NULL;1380;7;AW00000656;2014-09-12 11:15:07.263
657;NULL;1974;8;AW00000657;2014-09-12 11:15:07.263
658;NULL;1058;9;AW00000658;2014-09-12 11:15:07.263
659;NULL;1382;10;AW00000659;2014-09-12 11:15:07.263
660;NULL;1976;3;AW00000660;2014-09-12 11:15:07.263
661;NULL;1056;6;AW00000661;2014-09-12 11:15:07.263
662;NULL;1384;7;AW00000662;2014-09-12 11:15:07.263
663;NULL;420;8;AW00000663;2014-09-12 11:15:07.263
664;NULL;1054;9;AW00000664;2014-09-12 11:15:07.263
665;NULL;1386;10;AW00000665;2014-09-12 11:15:07.263
666;NULL;422;2;AW00000666;2014-09-12 11:15:07.263
667;NULL;1052;2;AW00000667;2014-09-12 11:15:07.263
668;NULL;1388;1;AW00000668;2014-09-12 11:15:07.263
669;NULL;822;1;AW00000669;2014-09-12 11:15:07.263
670;NULL;1050;3;AW00000670;2014-09-12 11:15:07.263
671;NULL;1390;4;AW00000671;2014-09-12 11:15:07.263
672;NULL;824;1;AW00000672;2014-09-12 11:15:07.263
673;NULL;1048;1;AW00000673;2014-09-12 11:15:07.263
674;NULL;1392;4;AW00000674;2014-09-12 11:15:07.263
675;NULL;826;5;AW00000675;2014-09-12 11:15:07.263
676;NULL;1046;5;AW00000676;2014-09-12 11:15:07.263
677;NULL;1394;6;AW00000677;2014-09-12 11:15:07.263
678;NULL;828;6;AW00000678;2014-09-12 11:15:07.263
679;NULL;1044;6;AW00000679;2014-09-12 11:15:07.263
680;NULL;1396;7;AW00000680;2014-09-12 11:15:07.263
681;NULL;830;8;AW00000681;2014-09-12 11:15:07.263
682;NULL;1042;9;AW00000682;2014-09-12 11:15:07.263
683;NULL;1398;10;AW00000683;2014-09-12 11:15:07.263
684;NULL;832;2;AW00000684;2014-09-12 11:15:07.263
685;NULL;1040;6;AW00000685;2014-09-12 11:15:07.263
686;NULL;1400;7;AW00000686;2014-09-12 11:15:07.263
687;NULL;834;8;AW00000687;2014-09-12 11:15:07.263
688;NULL;1038;9;AW00000688;2014-09-12 11:15:07.263
689;NULL;1402;10;AW00000689;2014-09-12 11:15:07.263
690;NULL;836;2;AW00000690;2014-09-12 11:15:07.263
691;NULL;1036;2;AW00000691;2014-09-12 11:15:07.263
692;NULL;802;1;AW00000692;2014-09-12 11:15:07.263
693;NULL;838;1;AW00000693;2014-09-12 11:15:07.263
694;NULL;1034;3;AW00000694;2014-09-12 11:15:07.263
695;NULL;638;3;AW00000695;2014-09-12 11:15:07.263
696;NULL;840;1;AW00000696;2014-09-12 11:15:07.263
697;NULL;1032;1;AW00000697;2014-09-12 11:15:07.263
698;NULL;640;1;AW00000698;2014-09-12 11:15:07.263
699;NULL;842;5;AW00000699;2014-09-12 11:15:07.263
700;NULL;1030;5;AW00000700;2014-09-12 11:15:07.263
701;NULL;844;6;AW00000701;2014-09-12 11:15:07.263
11000;13531;NULL;9;AW00011000;2014-09-12 11:15:07.263
11001;5454;NULL;9;AW00011001;2014-09-12 11:15:07.263
11002;11269;NULL;9;AW00011002;2014-09-12 11:15:07.263
11003;11358;NULL;9;AW00011003;2014-09-12 11:15:07.263
11004;11901;NULL;9;AW00011004;2014-09-12 11:15:07.263
11005;6990;NULL;9;AW00011005;2014-09-12 11:15:07.263
11006;6229;NULL;9;AW00011006;2014-09-12 11:15:07.263
11007;3878;NULL;9;AW00011007;2014-09-12 11:15:07.263
11008;14673;NULL;9;AW00011008;2014-09-12 11:15:07.263
11009;20229;NULL;9;AW00011009;2014-09-12 11:15:07.263
11010;6377;NULL;9;AW00011010;2014-09-12 11:15:07.263
11011;18258;NULL;9;AW00011011;2014-09-12 11:15:07.263
11012;11663;NULL;1;AW00011012;2014-09-12 11:15:07.263
11013;13873;NULL;1;AW00011013;2014-09-12 11:15:07.263
11014;2868;NULL;1;AW00011014;2014-09-12 11:15:07.263
11015;10963;NULL;4;AW00011015;2014-09-12 11:15:07.263
11016;3800;NULL;4;AW00011016;2014-09-12 11:15:07.263
11017;2521;NULL;9;AW00011017;2014-09-12 11:15:07.263
11018;7394;NULL;9;AW00011018;2014-09-12 11:15:07.263
11019;5132;NULL;6;AW00011019;2014-09-12 11:15:07.263
11020;17128;NULL;6;AW00011020;2014-09-12 11:15:07.263
11021;11489;NULL;1;AW00011021;2014-09-12 11:15:07.263
11022;6522;NULL;1;AW00011022;2014-09-12 11:15:07.263
11023;4373;NULL;4;AW00011023;2014-09-12 11:15:07.263
11024;16843;NULL;4;AW00011024;2014-09-12 11:15:07.263
11025;12565;NULL;9;AW00011025;2014-09-12 11:15:07.263
11026;2857;NULL;9;AW00011026;2014-09-12 11:15:07.263
11027;5526;NULL;9;AW00011027;2014-09-12 11:15:07.263
11028;15088;NULL;9;AW00011028;2014-09-12 11:15:07.263
11029;15638;NULL;9;AW00011029;2014-09-12 11:15:07.263
11030;17272;NULL;9;AW00011030;2014-09-12 11:15:07.263
11031;13917;NULL;9;AW00011031;2014-09-12 11:15:07.263
11032;16240;NULL;9;AW00011032;2014-09-12 11:15:07.263
11033;9475;NULL;9;AW00011033;2014-09-12 11:15:07.263
11034;9657;NULL;9;AW00011034;2014-09-12 11:15:07.263
11035;13948;NULL;9;AW00011035;2014-09-12 11:15:07.263
11036;20539;NULL;4;AW00011036;2014-09-12 11:15:07.263
11037;11014;NULL;6;AW00011037;2014-09-12 11:15:07.263
11038;18643;NULL;9;AW00011038;2014-09-12 11:15:07.263
11039;15676;NULL;9;AW00011039;2014-09-12 11:15:07.263
11040;15080;NULL;1;AW00011040;2014-09-12 11:15:07.263
11041;9940;NULL;4;AW00011041;2014-09-12 11:15:07.263
11042;19075;NULL;4;AW00011042;2014-09-12 11:15:07.263
11043;5960;NULL;4;AW00011043;2014-09-12 11:15:07.263
11044;5244;NULL;9;AW00011044;2014-09-12 11:15:07.263
11045;5225;NULL;9;AW00011045;2014-09-12 11:15:07.263
11046;19870;NULL;9;AW00011046;2014-09-12 11:15:07.263
11047;12928;NULL;9;AW00011047;2014-09-12 11:15:07.263
11048;13513;NULL;9;AW00011048;2014-09-12 11:15:07.263
11049;8749;NULL;4;AW00011049;2014-09-12 11:15:07.263
11050;17337;NULL;9;AW00011050;2014-09-12 11:15:07.263
11051;18655;NULL;9;AW00011051;2014-09-12 11:15:07.263
11052;15276;NULL;9;AW00011052;2014-09-12 11:15:07.263
11053;7430;NULL;4;AW00011053;2014-09-12 11:15:07.263
11054;9790;NULL;9;AW00011054;2014-09-12 11:15:07.263
11055;9489;NULL;9;AW00011055;2014-09-12 11:15:07.263
11056;8428;NULL;9;AW00011056;2014-09-12 11:15:07.263
11057;16962;NULL;9;AW00011057;2014-09-12 11:15:07.263
11058;15681;NULL;9;AW00011058;2014-09-12 11:15:07.263
11059;8960;NULL;9;AW00011059;2014-09-12 11:15:07.263
11060;13542;NULL;9;AW00011060;2014-09-12 11:15:07.263
11061;18220;NULL;9;AW00011061;2014-09-12 11:15:07.263
11062;6096;NULL;1;AW00011062;2014-09-12 11:15:07.263
11063;8821;NULL;1;AW00011063;2014-09-12 11:15:07.263
11064;15436;NULL;4;AW00011064;2014-09-12 11:15:07.263
11065;3510;NULL;4;AW00011065;2014-09-12 11:15:07.263
11066;19662;NULL;1;AW00011066;2014-09-12 11:15:07.263
11067;16424;NULL;1;AW00011067;2014-09-12 11:15:07.263
11068;2676;NULL;9;AW00011068;2014-09-12 11:15:07.263
11069;10008;NULL;9;AW00011069;2014-09-12 11:15:07.263
11070;13417;NULL;9;AW00011070;2014-09-12 11:15:07.263
11071;13827;NULL;9;AW00011071;2014-09-12 11:15:07.263
11072;16284;NULL;9;AW00011072;2014-09-12 11:15:07.263
11073;20712;NULL;9;AW00011073;2014-09-12 11:15:07.263
11074;7914;NULL;9;AW00011074;2014-09-12 11:15:07.263
11075;14267;NULL;9;AW00011075;2014-09-12 11:15:07.263
11076;4157;NULL;9;AW00011076;2014-09-12 11:15:07.263
11077;17455;NULL;9;AW00011077;2014-09-12 11:15:07.263
11078;15039;NULL;6;AW00011078;2014-09-12 11:15:07.263
11079;20058;NULL;9;AW00011079;2014-09-12 11:15:07.263
11080;14268;NULL;9;AW00011080;2014-09-12 11:15:07.263
11081;10369;NULL;4;AW00011081;2014-09-12 11:15:07.263
11082;7672;NULL;4;AW00011082;2014-09-12 11:15:07.263
11083;20135;NULL;4;AW00011083;2014-09-12 11:15:07.263
11084;4281;NULL;1;AW00011084;2014-09-12 11:15:07.263
11085;12219;NULL;4;AW00011085;2014-09-12 11:15:07.263
11086;17979;NULL;4;AW00011086;2014-09-12 11:15:07.263
11087;11871;NULL;4;AW00011087;2014-09-12 11:15:07.263
11088;17897;NULL;4;AW00011088;2014-09-12 11:15:07.263
11089;3950;NULL;4;AW00011089;2014-09-12 11:15:07.263
11090;12846;NULL;4;AW00011090;2014-09-12 11:15:07.263
11091;4515;NULL;6;AW00011091;2014-09-12 11:15:07.263
11092;6174;NULL;9;AW00011092;2014-09-12 11:15:07.263
11093;5827;NULL;9;AW00011093;2014-09-12 11:15:07.263
11094;3504;NULL;9;AW00011094;2014-09-12 11:15:07.263
11095;20332;NULL;9;AW00011095;2014-09-12 11:15:07.263
11096;5114;NULL;9;AW00011096;2014-09-12 11:15:07.263
11097;13205;NULL;9;AW00011097;2014-09-12 11:15:07.263
11098;5986;NULL;9;AW00011098;2014-09-12 11:15:07.263
11099;5231;NULL;9;AW00011099;2014-09-12 11:15:07.263
11100;6138;NULL;9;AW00011100;2014-09-12 11:15:07.263
11101;17810;NULL;9;AW00011101;2014-09-12 11:15:07.263
11102;9866;NULL;9;AW00011102;2014-09-12 11:15:07.263
11103;8905;NULL;9;AW00011103;2014-09-12 11:15:07.263
11104;8139;NULL;9;AW00011104;2014-09-12 11:15:07.263
11105;15430;NULL;9;AW00011105;2014-09-12 11:15:07.263
11106;5510;NULL;9;AW00011106;2014-09-12 11:15:07.263
11107;4781;NULL;9;AW00011107;2014-09-12 11:15:07.263
11108;10536;NULL;9;AW00011108;2014-09-12 11:15:07.263
11109;11186;NULL;9;AW00011109;2014-09-12 11:15:07.263
11110;18247;NULL;9;AW00011110;2014-09-12 11:15:07.263
11111;10647;NULL;9;AW00011111;2014-09-12 11:15:07.263
11112;20739;NULL;9;AW00011112;2014-09-12 11:15:07.263
11113;14592;NULL;9;AW00011113;2014-09-12 11:15:07.263
11114;18519;NULL;9;AW00011114;2014-09-12 11:15:07.263
11115;4765;NULL;9;AW00011115;2014-09-12 11:15:07.263
11116;14638;NULL;9;AW00011116;2014-09-12 11:15:07.263
11117;20526;NULL;9;AW00011117;2014-09-12 11:15:07.263
11118;4788;NULL;9;AW00011118;2014-09-12 11:15:07.263
11119;14595;NULL;9;AW00011119;2014-09-12 11:15:07.263
11120;6073;NULL;9;AW00011120;2014-09-12 11:15:07.263
11121;19001;NULL;9;AW00011121;2014-09-12 11:15:07.263
11122;19748;NULL;9;AW00011122;2014-09-12 11:15:07.263
11123;19185;NULL;9;AW00011123;2014-09-12 11:15:07.263
11124;11743;NULL;9;AW00011124;2014-09-12 11:15:07.263
11125;17820;NULL;9;AW00011125;2014-09-12 11:15:07.263
11126;17105;NULL;9;AW00011126;2014-09-12 11:15:07.263
11127;9367;NULL;4;AW00011127;2014-09-12 11:15:07.263
11128;12533;NULL;1;AW00011128;2014-09-12 11:15:07.263
11129;10538;NULL;1;AW00011129;2014-09-12 11:15:07.263
11130;6801;NULL;1;AW00011130;2014-09-12 11:15:07.263
11131;3003;NULL;6;AW00011131;2014-09-12 11:15:07.263
11132;8490;NULL;6;AW00011132;2014-09-12 11:15:07.263
11133;7681;NULL;1;AW00011133;2014-09-12 11:15:07.263
11134;18439;NULL;9;AW00011134;2014-09-12 11:15:07.263
11135;4624;NULL;4;AW00011135;2014-09-12 11:15:07.263
11136;19196;NULL;6;AW00011136;2014-09-12 11:15:07.263
11137;11395;NULL;1;AW00011137;2014-09-12 11:15:07.263
11138;11623;NULL;4;AW00011138;2014-09-12 11:15:07.263
11139;14017;NULL;9;AW00011139;2014-09-12 11:15:07.263
11140;13623;NULL;4;AW00011140;2014-09-12 11:15:07.263
11141;19930;NULL;4;AW00011141;2014-09-12 11:15:07.263
11142;13742;NULL;6;AW00011142;2014-09-12 11:15:07.263
11143;6401;NULL;4;AW00011143;2014-09-12 11:15:07.263
11144;4268;NULL;1;AW00011144;2014-09-12 11:15:07.263
11145;19848;NULL;1;AW00011145;2014-09-12 11:15:07.263
11146;3532;NULL;9;AW00011146;2014-09-12 11:15:07.263
11147;6463;NULL;9;AW00011147;2014-09-12 11:15:07.263
11148;11820;NULL;9;AW00011148;2014-09-12 11:15:07.263
11149;6747;NULL;9;AW00011149;2014-09-12 11:15:07.263
11150;16842;NULL;9;AW00011150;2014-09-12 11:15:07.263
11151;14076;NULL;9;AW00011151;2014-09-12 11:15:07.263
11152;17585;NULL;1;AW00011152;2014-09-12 11:15:07.263
11153;8391;NULL;1;AW00011153;2014-09-12 11:15:07.263
11154;11703;NULL;1;AW00011154;2014-09-12 11:15:07.263
11155;17211;NULL;4;AW00011155;2014-09-12 11:15:07.263
11156;9548;NULL;4;AW00011156;2014-09-12 11:15:07.263
11157;13038;NULL;1;AW00011157;2014-09-12 11:15:07.263
11158;17031;NULL;4;AW00011158;2014-09-12 11:15:07.263
11159;19259;NULL;4;AW00011159;2014-09-12 11:15:07.263
11160;9050;NULL;4;AW00011160;2014-09-12 11:15:07.263
11161;12985;NULL;4;AW00011161;2014-09-12 11:15:07.263
11162;14792;NULL;4;AW00011162;2014-09-12 11:15:07.263
11163;5872;NULL;4;AW00011163;2014-09-12 11:15:07.263
11164;14151;NULL;4;AW00011164;2014-09-12 11:15:07.263
11165;7251;NULL;4;AW00011165;2014-09-12 11:15:07.263
11166;12441;NULL;1;AW00011166;2014-09-12 11:15:07.263
11167;19844;NULL;1;AW00011167;2014-09-12 11:15:07.263
11168;18143;NULL;4;AW00011168;2014-09-12 11:15:07.263
11169;14713;NULL;4;AW00011169;2014-09-12 11:15:07.263
11170;3164;NULL;1;AW00011170;2014-09-12 11:15:07.263
11171;16623;NULL;4;AW00011171;2014-09-12 11:15:07.263
11172;10282;NULL;1;AW00011172;2014-09-12 11:15:07.263
11173;12474;NULL;1;AW00011173;2014-09-12 11:15:07.263
11174;19012;NULL;4;AW00011174;2014-09-12 11:15:07.263
11175;5468;NULL;4;AW00011175;2014-09-12 11:15:07.263
11176;15994;NULL;6;AW00011176;2014-09-12 11:15:07.263
11177;5651;NULL;4;AW00011177;2014-09-12 11:15:07.263
11178;17696;NULL;4;AW00011178;2014-09-12 11:15:07.263
11179;16169;NULL;4;AW00011179;2014-09-12 11:15:07.263
11180;20564;NULL;4;AW00011180;2014-09-12 11:15:07.263
11181;4935;NULL;4;AW00011181;2014-09-12 11:15:07.263
11182;3087;NULL;1;AW00011182;2014-09-12 11:15:07.263
11183;11425;NULL;4;AW00011183;2014-09-12 11:15:07.263
11184;18783;NULL;4;AW00011184;2014-09-12 11:15:07.263
11185;12569;NULL;6;AW00011185;2014-09-12 11:15:07.263
11186;12608;NULL;4;AW00011186;2014-09-12 11:15:07.263
11187;20457;NULL;1;AW00011187;2014-09-12 11:15:07.263
11188;9002;NULL;4;AW00011188;2014-09-12 11:15:07.263
11189;14459;NULL;1;AW00011189;2014-09-12 11:15:07.263
11190;13265;NULL;4;AW00011190;2014-09-12 11:15:07.263
11191;10722;NULL;4;AW00011191;2014-09-12 11:15:07.263
11192;17599;NULL;1;AW00011192;2014-09-12 11:15:07.263
11193;14519;NULL;1;AW00011193;2014-09-12 11:15:07.263
11194;7727;NULL;4;AW00011194;2014-09-12 11:15:07.263
11195;19140;NULL;1;AW00011195;2014-09-12 11:15:07.263
11196;2800;NULL;1;AW00011196;2014-09-12 11:15:07.263
11197;9000;NULL;1;AW00011197;2014-09-12 11:15:07.263
11198;8052;NULL;4;AW00011198;2014-09-12 11:15:07.263
11199;7729;NULL;4;AW00011199;2014-09-12 11:15:07.263
11200;5409;NULL;6;AW00011200;2014-09-12 11:15:07.263
11201;3054;NULL;4;AW00011201;2014-09-12 11:15:07.263
11202;7092;NULL;4;AW00011202;2014-09-12 11:15:07.263
11203;5463;NULL;6;AW00011203;2014-09-12 11:15:07.263
11204;20019;NULL;1;AW00011204;2014-09-12 11:15:07.263
11205;18028;NULL;1;AW00011205;2014-09-12 11:15:07.263
11206;13604;NULL;1;AW00011206;2014-09-12 11:15:07.263
11207;8512;NULL;1;AW00011207;2014-09-12 11:15:07.263
11208;3225;NULL;4;AW00011208;2014-09-12 11:15:07.263
11209;9318;NULL;4;AW00011209;2014-09-12 11:15:07.263
11210;13628;NULL;4;AW00011210;2014-09-12 11:15:07.263
11211;12549;NULL;6;AW00011211;2014-09-12 11:15:07.263
11212;9700;NULL;6;AW00011212;2014-09-12 11:15:07.263
11213;3074;NULL;1;AW00011213;2014-09-12 11:15:07.263
11214;4847;NULL;1;AW00011214;2014-09-12 11:15:07.263
11215;7440;NULL;6;AW00011215;2014-09-12 11:15:07.263
11216;19820;NULL;1;AW00011216;2014-09-12 11:15:07.263
11217;10262;NULL;1;AW00011217;2014-09-12 11:15:07.263
11218;11750;NULL;1;AW00011218;2014-09-12 11:15:07.263
11219;15531;NULL;1;AW00011219;2014-09-12 11:15:07.263
11220;2477;NULL;4;AW00011220;2014-09-12 11:15:07.263
11221;5941;NULL;4;AW00011221;2014-09-12 11:15:07.263
11222;2773;NULL;4;AW00011222;2014-09-12 11:15:07.263
11223;3197;NULL;6;AW00011223;2014-09-12 11:15:07.263
11224;2656;NULL;1;AW00011224;2014-09-12 11:15:07.263
11225;12350;NULL;1;AW00011225;2014-09-12 11:15:07.263
11226;2873;NULL;1;AW00011226;2014-09-12 11:15:07.263
11227;11590;NULL;4;AW00011227;2014-09-12 11:15:07.263
11228;12412;NULL;4;AW00011228;2014-09-12 11:15:07.263
11229;15841;NULL;4;AW00011229;2014-09-12 11:15:07.263
11230;9612;NULL;4;AW00011230;2014-09-12 11:15:07.263
11231;17885;NULL;1;AW00011231;2014-09-12 11:15:07.263
11232;3210;NULL;1;AW00011232;2014-09-12 11:15:07.263
11233;18194;NULL;4;AW00011233;2014-09-12 11:15:07.263
11234;3686;NULL;4;AW00011234;2014-09-12 11:15:07.263
11235;15802;NULL;1;AW00011235;2014-09-12 11:15:07.263
11236;13521;NULL;1;AW00011236;2014-09-12 11:15:07.263
11237;7511;NULL;8;AW00011237;2014-09-12 11:15:07.263
11238;3392;NULL;10;AW00011238;2014-09-12 11:15:07.263
11239;16405;NULL;10;AW00011239;2014-09-12 11:15:07.263
11240;14359;NULL;10;AW00011240;2014-09-12 11:15:07.263
11241;2436;NULL;7;AW00011241;2014-09-12 11:15:07.263
11242;18425;NULL;7;AW00011242;2014-09-12 11:15:07.263
11243;13712;NULL;10;AW00011243;2014-09-12 11:15:07.263
11244;12751;NULL;10;AW00011244;2014-09-12 11:15:07.263
11245;15603;NULL;8;AW00011245;2014-09-12 11:15:07.263
11246;6162;NULL;8;AW00011246;2014-09-12 11:15:07.263
11247;5863;NULL;10;AW00011247;2014-09-12 11:15:07.263
11248;12887;NULL;7;AW00011248;2014-09-12 11:15:07.263
11249;7289;NULL;8;AW00011249;2014-09-12 11:15:07.263
11250;2526;NULL;10;AW00011250;2014-09-12 11:15:07.263
11251;13411;NULL;6;AW00011251;2014-09-12 11:15:07.263
11252;19006;NULL;4;AW00011252;2014-09-12 11:15:07.263
11253;17012;NULL;6;AW00011253;2014-09-12 11:15:07.263
11254;15887;NULL;1;AW00011254;2014-09-12 11:15:07.263
11255;13436;NULL;1;AW00011255;2014-09-12 11:15:07.263
11256;10472;NULL;1;AW00011256;2014-09-12 11:15:07.263
11257;7742;NULL;4;AW00011257;2014-09-12 11:15:07.263
11258;4422;NULL;4;AW00011258;2014-09-12 11:15:07.263
11259;19376;NULL;1;AW00011259;2014-09-12 11:15:07.263
11260;7966;NULL;4;AW00011260;2014-09-12 11:15:07.263
11261;9398;NULL;4;AW00011261;2014-09-12 11:15:07.263
11262;20532;NULL;6;AW00011262;2014-09-12 11:15:07.263
11263;8473;NULL;1;AW00011263;2014-09-12 11:15:07.263
11264;5022;NULL;1;AW00011264;2014-09-12 11:15:07.263
11265;11905;NULL;1;AW00011265;2014-09-12 11:15:07.263
11266;3560;NULL;1;AW00011266;2014-09-12 11:15:07.263
11267;6679;NULL;4;AW00011267;2014-09-12 11:15:07.263
11268;9972;NULL;4;AW00011268;2014-09-12 11:15:07.263
11269;6565;NULL;4;AW00011269;2014-09-12 11:15:07.263
11270;17332;NULL;4;AW00011270;2014-09-12 11:15:07.263
11271;9120;NULL;4;AW00011271;2014-09-12 11:15:07.263
11272;11652;NULL;4;AW00011272;2014-09-12 11:15:07.263
11273;5982;NULL;4;AW00011273;2014-09-12 11:15:07.263
11274;5755;NULL;1;AW00011274;2014-09-12 11:15:07.263
11275;11516;NULL;4;AW00011275;2014-09-12 11:15:07.263
11276;15449;NULL;6;AW00011276;2014-09-12 11:15:07.263
11277;4855;NULL;6;AW00011277;2014-09-12 11:15:07.263
11278;16067;NULL;1;AW00011278;2014-09-12 11:15:07.263
11279;2996;NULL;1;AW00011279;2014-09-12 11:15:07.263
11280;15746;NULL;1;AW00011280;2014-09-12 11:15:07.263
11281;19134;NULL;4;AW00011281;2014-09-12 11:15:07.263
11282;18134;NULL;1;AW00011282;2014-09-12 11:15:07.263
11283;10416;NULL;4;AW00011283;2014-09-12 11:15:07.263
11284;13914;NULL;4;AW00011284;2014-09-12 11:15:07.263
11285;3992;NULL;4;AW00011285;2014-09-12 11:15:07.263
11286;6067;NULL;4;AW00011286;2014-09-12 11:15:07.263
11287;15978;NULL;6;AW00011287;2014-09-12 11:15:07.263
11288;7340;NULL;4;AW00011288;2014-09-12 11:15:07.263
11289;9943;NULL;4;AW00011289;2014-09-12 11:15:07.263
11290;9500;NULL;4;AW00011290;2014-09-12 11:15:07.263
11291;10573;NULL;4;AW00011291;2014-09-12 11:15:07.263
11292;4363;NULL;4;AW00011292;2014-09-12 11:15:07.263
11293;5643;NULL;1;AW00011293;2014-09-12 11:15:07.263
11294;4480;NULL;1;AW00011294;2014-09-12 11:15:07.263
11295;12166;NULL;4;AW00011295;2014-09-12 11:15:07.263
11296;3390;NULL;1;AW00011296;2014-09-12 11:15:07.263
11297;6090;NULL;4;AW00011297;2014-09-12 11:15:07.263
11298;13588;NULL;4;AW00011298;2014-09-12 11:15:07.263
